Month,PropertyID,PotentialRevenue,ActualRevenue,CollectedRevenue,CollectionRate,MaintenanceCost,UtilitiesCost,StaffCost,MarketingCost,OtherExpenses,TotalExpenses,NetOperatingIncome,RevenueTarget
2024-02-01,PROP001,98700,84111.72381668874,79733.64776925209,0.9479492768810904,11121.045151298578,4769.482844997117,11678.145972952112,1981.354952889792,4053.8030493953925,33603.83197153299,46129.81579771909,91791.0
2024-02-01,PROP002,240030,210768.78401723102,197022.70377991148,0.9347812328973927,17254.42170008343,18119.32689754963,25545.24193287782,10370.262207635518,8191.379201836491,79480.6319399829,117542.07183992858,223227.90000000002
2024-02-01,PROP003,163466,146056.97815970192,144420.95770099966,0.988798751834278,21295.202766516242,14280.252531089154,25250.24824008088,4039.1560953874323,6426.367005311032,71291.22663838473,73129.73106261493,152023.38
2024-02-01,PROP004,229246,196944.77247061086,182282.46522222832,0.9255511732327371,18639.12659450256,12918.471073735476,25008.92581595195,6638.4119563108525,13662.525159524452,76867.46060002528,105415.00462220304,213198.78
2024-02-01,PROP005,133700,115740.92946360217,111664.18060430835,0.9647769472891968,9875.416092464404,9100.303459124882,19578.40856468777,4976.363820076464,4172.097998619568,47702.58993497308,63961.590669335266,124341.0
2024-02-01,PROP006,95880,90782.35739897026,84609.6734303585,0.932005687608617,9466.435206366175,8942.524124094485,15146.788565067009,2585.27500669225,4771.309253332051,40912.33215555197,43697.341274806524,89168.40000000001
2024-02-01,PROP007,191084,167915.80548944924,161298.81714172897,0.9605934156797644,22433.933320002732,10669.992033743436,26870.574489783543,5141.210173529784,8891.846024715136,74007.55604177463,87291.26109995434,177708.12
2024-02-01,PROP008,93499,81136.01501046542,76370.35345027756,0.9412633026212446,11352.065481680263,7114.972366159664,11418.02376841971,2680.648682152753,4678.962806134935,37244.67310454733,39125.68034573023,86954.07
2024-02-01,PROP009,261360,248728.23230231396,231613.4430793662,0.9311908058665983,28133.367717280395,21921.319807186163,44729.37223848782,10850.087333522513,16187.352339303241,121821.49943578013,109791.94364358607,243064.80000000002
2024-02-01,PROP010,132009,125752.86535223314,119297.84060662231,0.9486689648976956,17057.809614971757,6568.468491756451,18189.323789696402,3715.782065890491,4482.767644906025,50014.15160722112,69283.68899940119,122768.37000000001
2024-02-01,PROP011,59895,52963.08972540857,51220.3932524294,0.9670960194729136,5577.937657399845,4184.101500856143,8239.399427365881,1992.1183735429827,2710.7184790343213,22704.275438199173,28516.117814230227,55702.350000000006
2024-02-01,PROP012,46088,43717.8320157278,40820.27116898676,0.9337213051713401,4257.905371906548,2671.182562942727,6685.720826591229,2062.817992306475,2907.6321330964165,18585.258886843396,22235.01228214336,42861.840000000004
2024-02-01,PROP013,221379,196991.4112296664,182333.86303378738,0.9255929580666326,19139.35732778988,12361.796635954715,24760.51050000792,6235.546478255751,10540.816517760655,73038.02745976893,109295.83557401845,205882.47
2024-02-01,PROP014,102312,90187.52486925946,89159.00990524533,0.9885958178195363,8138.565100455504,5843.189051319303,10908.4034729302,3932.9845937271084,3829.2336360614718,32652.375854493588,56506.634050751745,95150.16
2024-02-01,PROP015,386804,357922.54929846723,330271.3483716364,0.922745295089601,46559.35932377646,27370.40827359096,58519.912586152044,15636.537139911936,12015.357845731221,160101.57516916262,170169.7732024738,359727.72000000003
2024-02-01,PROP016,156972,150401.2794945889,138659.41804368063,0.9219297768585092,17872.521131952202,8794.626645094804,18057.104200469697,6929.889751344468,8551.98392497393,60206.1256538351,78453.29238984553,145983.96000000002
2024-02-01,PROP017,185592,162285.73084025847,158135.60913219448,0.9744270695484062,17732.56268258522,10851.239432250475,20141.728007017497,5272.434428099157,5881.550354387855,59879.514904340205,98256.09422785428,172600.56
2024-02-01,PROP018,331110,295416.9313512225,280020.3042769704,0.9478817039909369,30439.193081742433,26162.138640206493,51694.39386957121,13439.535679832488,18288.71782917536,140023.979100528,139996.3251764424,307932.3
2024-02-01,PROP019,66285,60721.67822326308,58021.762550660766,0.9555362145513305,7593.636648840096,4440.172144029268,10754.431375245693,1821.430637009233,3102.580617128975,27712.25142225327,30309.511128407496,61645.05
2024-02-01,PROP020,128088,116423.9140108361,114313.04381882197,0.981869101292904,16175.618177539665,11326.831786378818,17724.696983193036,2352.648218616161,3544.197274858768,51123.992440586444,63189.05137823553,119121.84000000001
2024-02-01,PROP021,203400,174276.61349085916,165644.52843309587,0.9504690567204759,19447.031262121,12202.889755876091,30509.482386197855,5363.382043862993,11197.111676329985,78719.89712438792,86924.63130870795,189162.0
2024-02-01,PROP022,149316,140541.23637138584,134211.97920444937,0.9549651238999268,15640.224614399178,12374.80064959619,22834.899824531683,4196.006671763163,4792.726707342311,59838.65846763253,74373.32073681684,138863.88
2024-02-01,PROP023,179703,153528.95685014012,142654.80718917854,0.9291719954068609,15449.812267515637,9686.307434731538,24297.905002861495,7466.862523990723,8817.129501153038,65718.01673025242,76936.79045892612,167123.79
2024-02-01,PROP024,57624,55290.22349018602,51652.5691003322,0.9342079998917078,5204.765132806909,4689.814997624273,9510.050684097101,1505.9025065252706,2081.400407945701,22991.933728999255,28660.635371332944,53590.32
2024-02-01,PROP025,149066,140718.16547847388,133911.8775264838,0.9516317745555652,11346.727216804222,12612.084108625237,19293.041713397062,2856.105376339873,8752.605494365424,54860.56390953182,79051.31361695197,138631.38
2024-03-01,PROP001,126560,107621.87924851647,105475.65105713115,0.9800576963869091,12939.524435099524,8710.582038454604,18947.011195125033,2683.9257410912987,5566.307898832295,48847.35130860275,56628.2997485284,117700.8
2024-03-01,PROP002,301625,264160.8956631361,257757.09260178814,0.9757579446220752,29435.98939155553,15367.906269672701,33197.555657434335,9031.027962682401,12837.744289171455,99870.22357051643,157886.86903127172,280511.25
2024-03-01,PROP003,153624,137277.45825890065,130557.23425016626,0.9510464129073525,16725.20383098251,7084.165565840244,20340.41937667811,5068.5171580962,4210.4518265577435,53428.75775815481,77128.47649201145,142870.32
2024-03-01,PROP004,142013,122350.0556157422,115092.2024654316,0.9406796088993624,13663.331764339207,9394.222540613167,21965.729285911755,2811.056688902531,6388.041081290358,54222.381361057014,60869.82110437459,132072.09
2024-03-01,PROP005,179200,154628.59901123084,150261.7176328241,0.9717589022578573,20824.165772612076,10804.172918904565,22117.64295164099,6143.995427097175,5216.597929035689,65106.5749992905,85155.1426335336,166656.0
2024-03-01,PROP006,110080,104631.16554037493,97023.30096502569,0.9272887333706176,11790.354223031576,6253.140990403186,13574.762846463453,2738.3391454025837,5201.353078099013,39557.95028339981,57465.350681625874,102374.40000000001
2024-03-01,PROP007,215648,189579.49972505032,182724.52554684738,0.9638411632684716,26035.71516643478,17892.324065129826,25701.015797205506,8622.520711623783,7164.54131381416,85416.11705420805,97308.40849263933,200552.64
2024-03-01,PROP008,93536,81084.65008508314,77892.35474560865,0.9606300904533132,8418.316812162528,4473.961234198408,10623.599848621368,2462.628487390301,5048.030152844062,31026.536535216666,46865.81821039198,86988.48000000001
2024-03-01,PROP009,171936,163640.0823350251,159426.63722226734,0.9742517538940645,20555.755518117025,10099.87777609134,21069.599694336346,6360.92070139605,7857.7828938445655,65943.93658378533,93482.70063848201,159900.48
2024-03-01,PROP010,207059,196277.59979256688,183133.9709465791,0.9330355126622781,20038.896564102914,10178.058468458927,31226.389627716624,9746.088523442815,10866.295100781004,82055.72828450229,101078.24266207681,192564.87000000002
2024-03-01,PROP011,59301,52280.395604180085,51121.882716872664,0.9778403955456146,4649.285036389536,3752.7177930498906,8185.2752348860795,2105.856783136187,3023.451202356924,21716.586049818616,29405.296667054048,55149.93
2024-03-01,PROP012,57092,54153.49036679421,51396.74773353327,0.9490939066976315,5637.872455429289,2738.6102071401033,7516.333541679673,1872.7286243514768,2923.960598206899,20689.50542680744,30707.242306725835,53095.560000000005
2024-03-01,PROP013,182357,161825.10369974413,156659.34340492875,0.9680781277026085,18777.688280858816,15113.840919245687,29097.785767521746,7018.572581188477,8819.470597511216,78827.35814632595,77831.9852586028,169592.01
2024-03-01,PROP014,140688,123080.88159309803,117416.35245094908,0.953977180949388,10789.397210352492,11589.207061494304,19999.290141756523,3351.9983335962943,8057.81333714596,53787.70608434558,63628.646366603505,130839.84000000001
2024-03-01,PROP015,317221,293805.02707379585,289905.7741396534,0.9867284335704608,43669.29576677352,14738.461662452326,37375.77558513508,10696.756447774895,20047.525998671004,126527.81546080683,163377.9586788466,295015.53
2024-03-01,PROP016,154088,147471.37703052312,142479.53036304042,0.966150403095175,21352.77315835808,14520.370481493423,19784.079397352496,6529.678176051587,6509.700854676997,68696.60206793257,73782.92829510785,143301.84
2024-03-01,PROP017,235653,206427.75784839224,196643.81383661565,0.9526035446310361,26992.374685115516,19177.697906655758,28523.668387203048,5496.661937377612,11726.74118402198,91917.14410037393,104726.66973624172,219157.29
2024-03-01,PROP018,199290,178752.52527853815,171990.400884008,0.9621704678913309,26508.053958158478,17319.197723752583,26037.445132621655,7455.293482592282,11293.299215032825,88613.28951215782,83377.11137185019,185339.7
2024-03-01,PROP019,40986,37529.49484464124,36142.633844610646,0.9630461053160533,3220.490936879225,2093.1264964604,5710.807524272035,1326.5148352004358,1533.4700611703777,13884.409853982474,22258.223990628172,38116.98
2024-03-01,PROP020,88992,80959.08588966356,78240.88481658125,0.966425002910892,9295.355854640236,6743.054313425614,10037.833533379315,3746.7557265719943,5469.819911875801,35292.81933989296,42948.065476688294,82762.56
2024-03-01,PROP021,155400,134282.649162031,131824.92350618567,0.9816973699045828,11978.17628657477,12068.310136063934,17073.890003185927,4329.313826361704,5767.807901591005,51217.49815377734,80607.42535240833,144522.0
2024-03-01,PROP022,107019,100670.26815710573,94846.73205519302,0.942152373202935,14246.637865500938,7033.609930539256,13566.656594569171,2696.4428152759137,6443.6674178596,43987.01462374488,50859.71743144814,99527.67
2024-03-01,PROP023,296676,252571.68151540446,238351.7469872036,0.9436994106271823,23688.575236439297,24768.75410261698,34017.5250989137,6926.3511581013745,17113.225538280985,106514.43113435233,131837.31585285126,275908.68
2024-03-01,PROP024,31605,30417.82765779663,29825.616579315076,0.9805307898662592,2965.361773463666,1649.3522033775546,5147.3559256929075,1312.4302453277057,1271.0601786951056,12345.560326556937,17480.05625275814,29392.65
2024-03-01,PROP025,125122,117989.08978349227,115053.14009885595,0.9751167697791064,9813.90863534918,6527.962864544344,19925.07925045043,4566.943108790652,4441.024531442435,45274.91839057704,69778.2217082789,116363.46
2024-04-01,PROP001,167510,142219.52699932826,137607.6360785565,0.9675720274277558,12209.964921096827,11272.99980646311,19363.3867798422,6794.591727080917,5914.9151839709575,55555.858418454016,82051.7776601025,155784.30000000002
2024-04-01,PROP002,273812,239451.6987565072,234386.70574524187,0.9788475377808207,26502.327432404603,14826.995872658228,36600.82891773791,10823.153537297077,11332.555565007264,100085.86132510508,134300.84442013677,254645.16
2024-04-01,PROP003,158952,142875.0063953107,132429.42765497975,0.9268900908292539,12477.770090157963,12833.032994207106,19308.463919257614,3108.4233089714526,6579.275063802894,54306.965376397035,78122.46227858271,147825.36000000002
2024-04-01,PROP004,202188,173478.43594477698,163789.08905224298,0.9441466782902148,25300.179196337034,8939.653395639216,28642.07264282592,7848.381113946409,7126.915530631175,77857.20187937975,85931.88717286324,188034.84
2024-04-01,PROP005,193480,167079.3342663939,163606.27564659817,0.9792131167205979,23472.12945104562,14665.979216572681,22480.32023517169,5964.2998749658855,6243.343876949961,72826.07265470584,90780.20299189232,179936.40000000002
2024-04-01,PROP006,111000,105555.69447060596,100836.5322193672,0.955292205930653,15475.306136531472,7495.697031450577,18250.67665869702,4203.474918792179,3680.1758911441234,49105.33063661537,51731.20158275183,103230.0
2024-04-01,PROP007,207920,182971.3622475764,180358.69169233905,0.985720877173652,27335.562513260655,13966.751403612698,25118.79176116447,8000.112541901001,6655.112959414307,81076.33117935315,99282.3605129859,193365.6
2024-04-01,PROP008,94461,81743.08510213287,80094.36055340049,0.9798304095487416,7717.262492965835,7250.579239743954,9849.838091019375,1953.1900246826358,3105.2576772814873,29876.12752569329,50218.2330277072,87848.73000000001
2024-04-01,PROP009,164808,156873.90249900837,146753.86866941696,0.9354893728760564,16721.161659660127,13831.924130548678,25542.59881481708,6255.459389604016,4745.658599359947,67096.80259398985,79657.06607542711,153271.44
2024-04-01,PROP010,131061,124787.24204954438,119803.43314733481,0.9600615510018977,16171.347061038388,11053.979598064112,20507.630772815224,2802.3191231471815,5292.4436622431085,55827.720217308015,63975.7129300268,121886.73000000001
2024-04-01,PROP011,61743,54442.84332167972,51494.64429968432,0.9458478131905099,5667.606943057876,4864.719297573442,8975.244626612703,1096.3704735221017,2278.719413532941,22882.660754299068,28611.98354538525,57420.990000000005
2024-04-01,PROP012,65408,61923.630317888405,60619.25264845514,0.978935704144974,7293.92537579194,4097.248520310833,9208.881215628975,2190.1188287672558,2850.0649181746912,25640.238858673696,34979.01378978144,60829.44
2024-04-01,PROP013,159576,142444.50748769316,139956.84757080144,0.982535936549841,11876.911849156033,8447.885654157688,19624.378930463616,3431.048264766506,7039.435605509184,50419.660304053024,89537.18726674843,148405.68000000002
2024-04-01,PROP014,157176,137083.95338981564,135244.66053029368,0.9865827267594793,19502.96001430027,9988.873675827786,21685.237395179956,3690.4211668177018,6322.36128018821,61189.85353231392,74054.80699797976,146173.68000000002
2024-04-01,PROP015,305301,281459.2096872713,271363.0207116019,0.9641291219893383,23869.972400046616,16115.50565241061,43000.33303855305,6151.142083817336,18361.371682657555,107498.32485748518,163864.6958541167,283929.93
2024-04-01,PROP016,258942,247723.3431299612,243271.3584953453,0.9820284008024215,25950.774125571974,14029.694881251788,32065.678770168368,10165.416949868268,16059.603863108809,98271.16858996922,145000.1899053761,240816.06000000003
2024-04-01,PROP017,286824,250905.44821968066,239705.87858018675,0.9553633860126939,30485.85848817358,22088.644644629316,39251.27812738528,9651.944512953667,15447.943259826174,116925.66903296801,122780.20954721874,266746.32
2024-04-01,PROP018,265720,238002.5673447518,220528.93111974222,0.9265821523693959,23740.02812156803,19429.17259583433,31678.83854116348,9383.51303184736,15927.438075998854,100158.99036641206,120369.94075333016,247119.6
2024-04-01,PROP019,69201,63737.570765692915,60929.132023711296,0.9559374681487974,8360.753290432458,3247.452813495049,9424.846555917971,2998.1853692858504,2484.0160696950556,26515.254098826383,34413.87792488492,64356.93
2024-04-01,PROP020,141804,129084.354955662,122673.84663685785,0.9503386113599434,16691.927298950577,9387.424179359059,19052.68282827114,5175.527649942212,5186.035257676138,55493.59721419912,67180.24942265873,131877.72
2024-04-01,PROP021,176700,151776.2103102272,145377.41221336595,0.957840572749957,14736.8285165007,8318.171592732022,26122.605770962502,3472.8797392833485,4633.302956561114,57283.78857603969,88093.62363732627,164331.0
2024-04-01,PROP022,106950,100463.71422926652,94951.94804287063,0.9451367468475474,8897.197350021017,6112.384255535086,17268.71073971709,4593.195097649121,6837.804929327473,43709.29237224979,51242.65567062084,99463.5
2024-04-01,PROP023,232593,199546.76860065857,194697.56035539854,0.975698888640164,22656.894266987416,15328.711939193101,30480.72910998533,5707.87430395596,7982.941147510827,82157.15076763263,112540.40958776591,216311.49000000002
2024-04-01,PROP024,42441,40590.490617635005,37924.54112956996,0.9343208360505307,3281.274711189319,2740.5113640257478,5094.295036304253,1203.2913254039797,2237.688928253864,14557.061365177164,23367.479764392796,39470.130000000005
2024-04-01,PROP025,167827,158989.79492197675,150351.95064041813,0.9456704483089774,13257.423287841968,13141.590946701308,25841.46480098895,7609.845653306525,6911.788814093785,66762.11350293254,83589.83713748559,156079.11000000002
2024-05-01,PROP001,149170,131311.12053722248,122483.75089243647,0.9327751556100403,18232.842019127864,9160.206282720166,22842.00656772834,3653.116579436253,6004.709206844742,59892.88065585737,62590.870236579096,138728.1
2024-05-01,PROP002,233045,210159.0593637207,200413.09427713303,0.9536257674730053,18569.09849037819,17371.180292442143,32803.308456186554,4511.061689202257,8991.595018923339,82246.24394713248,118166.85033000055,216731.85
2024-05-01,PROP003,191068,176498.8438695437,169887.92535442606,0.9625441256714181,23770.30706055966,12794.972124927937,26813.781407349874,5801.274023854789,10257.555055668836,79437.8896723611,90450.03568206496,177693.24000000002
2024-05-01,PROP004,139772,124059.95332564165,122313.52658294146,0.985922719653811,10286.325617495708,10962.484553215094,18483.14855460467,5996.298304500117,5674.357086005885,51402.614115821474,70910.91246711998,129987.96
2024-05-01,PROP005,154350,137117.37137193987,133833.1912757527,0.9760484024502,17835.444932193175,12278.29568469398,24160.91560661167,5306.596228387315,9038.504769441266,68619.75722132741,65213.43405442529,143545.5
2024-05-01,PROP006,74200,72483.03647804259,69864.21569510186,0.9638698803169752,9717.024617782887,4608.620523335465,11919.489465382761,3142.451661625146,4584.372171783263,33971.95843990952,35892.25725519234,69006.0
2024-05-01,PROP007,133032,120038.46965764098,115969.81480038,0.9661054088004862,17352.18884973288,8617.55198272208,19520.288266227773,4056.1849687782687,5177.1369628650655,54723.35103032606,61246.46377005394,123719.76000000001
2024-05-01,PROP008,52836,47274.73055394553,44028.79105537617,0.9313388048850877,4371.119307307389,2547.0889872063462,7426.120830269261,2149.0691591077966,1457.644130503936,17951.04241439473,26077.748640981437,49137.48
2024-05-01,PROP009,219456,215239.34609376878,205164.101014625,0.9531905050726436,22370.322053766355,11913.302020621095,35662.611157108,10233.090610092713,8333.67879861331,88513.00464020147,116651.09637442352,204094.08000000002
2024-05-01,PROP010,114392,111829.81437007035,104644.73844037177,0.93574990739123,11706.558283421056,9665.12989695621,17519.32077439013,2508.95233872737,6207.653609965129,47607.6149034599,57037.12353691187,106384.56000000001
2024-05-01,PROP011,69498,63112.768806379594,58272.907468308884,0.9233140705184608,5509.394480542767,3604.678149938218,7580.786588036119,1552.4205261557686,3350.729299854278,21598.00904452715,36674.898423781735,64633.14000000001
2024-05-01,PROP012,71204,69385.09621288147,66219.94406924809,0.9543828240300722,8848.114838056259,3975.2649099598516,9399.476520618506,2607.714887331496,2966.982394811149,27797.55355077726,38422.39051847083,66219.72
2024-05-01,PROP013,153363,140450.57287202906,131458.92078496254,0.9359799543483582,12416.517973586531,8759.467936150466,23580.3248132212,3367.488322309401,9798.762489573266,57922.56153484086,73536.35925012168,142627.59
2024-05-01,PROP014,152856,137804.71925243657,135673.95082091755,0.984537768785583,12857.499405273862,8184.894211830198,21210.9218154005,2965.2822998818892,8549.42075473554,53768.01848712199,81905.93233379556,142156.08000000002
2024-05-01,PROP015,212325,203133.88754353943,188857.06260245503,0.9297171677570325,17374.50603000476,16137.66080158619,26650.615450093333,7100.896299919909,9100.902444832578,76364.58102643678,112492.48157601825,197462.25
2024-05-01,PROP016,155221,152785.13631359924,143989.94911267923,0.9424342746085754,17123.941698794897,13149.342358857362,22306.793750985536,6691.4490401471785,8627.375471975778,67898.90232076075,76091.04679191847,144355.53
2024-05-01,PROP017,187368,168573.94834777378,161035.10809757237,0.9552787347980454,24899.087246307015,14005.22052932364,29382.390910415284,4275.499768881173,8315.659524139093,80877.8579790662,80157.25011850617,174252.24000000002
2024-05-01,PROP018,351650,323805.9136786781,317106.43954146845,0.9793102168484245,46577.68180672749,18491.817754741223,42962.23107153009,12357.24238114084,16212.809533532085,136601.78254767173,180504.65699379673,327034.5
2024-05-01,PROP019,63531,59968.90958220017,58881.627733969515,0.9818692409816072,8581.383233419429,3873.0440806627926,7756.689910182125,1467.6054886609916,2961.085317137959,24639.808030063297,34241.81970390622,59083.83
2024-05-01,PROP020,107190,100653.45087259595,95855.9413645215,0.9523363633687334,9324.994524269161,8782.197452803986,12791.396244746422,2737.296006889481,3810.3610628118977,37446.24529152095,58409.696073000545,99686.70000000001
2024-05-01,PROP021,197800,175558.8595318109,167794.99966756935,0.9557763140809493,14760.469552607678,13723.338883011857,29467.7757693937,4207.212929000454,5777.369700574709,67936.1668345884,99858.83283298096,183954.0
2024-05-01,PROP022,162702,157812.18165429583,147446.35824552368,0.9343154419379387,14182.507837992836,12717.074334108414,21055.542508004997,6182.238618478251,10873.190437399593,65010.5537359841,82435.80450953958,151312.86000000002
2024-05-01,PROP023,344154,301651.30017986585,282399.0731156319,0.9361772117250798,27740.681408782275,23539.95176071895,46818.28393609565,12026.083855882782,17996.407081215715,128121.40804269536,154277.6650729365,320063.22000000003
2024-05-01,PROP024,30975,30681.749294226178,28777.947015168542,0.9379500086256196,3680.7222665022373,2828.630329269795,5376.709831110771,1060.8123084509139,1705.5224778878014,14652.397213221519,14125.549801947023,28806.75
2024-05-01,PROP025,151037,147303.60599998108,138130.36696238013,0.9377256315259374,14658.159334242104,8053.77318762385,20148.437762859463,4365.145123064893,10127.217419948041,57352.73282773836,80777.63413464176,140464.41
2024-06-01,PROP001,155190,136767.45293140493,134209.9686959218,0.9813004908648417,19125.17213269084,12842.860133045393,21836.595426757147,3985.905513634089,6735.804072339438,64526.337278466905,69683.63141745489,144326.7
2024-06-01,PROP002,182626,165353.97594887085,154562.8854809712,0.9347394557283801,21780.26790605733,12799.130397876166,20795.08904454373,6071.564816320024,5402.287276543942,66848.33944134119,87714.54603963,169842.18000000002
2024-06-01,PROP003,186998,172417.50731728805,162158.0483614841,0.9404964199086572,21287.058448402167,12156.724982368562,22194.43828543328,7015.30952187768,6066.214595008541,68719.74583309023,93438.30252839388,173908.14
2024-06-01,PROP004,211816,188373.9892164002,184086.3997737449,0.9772389518293324,23774.341489604896,15361.815504794238,27331.590313250712,6006.948046412788,10852.320528459008,83327.01588252163,100759.38389122326,196988.88
2024-06-01,PROP005,112560,100266.85218293751,92944.01990955212,0.9269665685721854,13755.202358222637,9007.653341163146,14731.365168317376,2335.3488501860325,5078.007338403718,44907.57705629291,48036.442853259214,104680.8
2024-06-01,PROP006,82600,80818.83276592253,77248.4920891909,0.9558229121290023,6776.455811202603,6360.339945156485,14065.279361682604,3507.861868112458,4966.534335714771,35676.47132186892,41572.02076732198,76818.0
2024-06-01,PROP007,225032,203334.46800980874,189899.31445784422,0.9339258430532476,21919.17338099508,10890.8384001151,29910.586393907368,9985.792808456912,11319.472921637314,84025.86390511176,105873.45055273245,209279.76
2024-06-01,PROP008,65860,58896.78397019681,55366.69267657683,0.940063089091481,5105.069599423473,5571.160046437303,7107.805357259003,1180.855466517266,3714.7326337419277,22679.623103378977,32687.069573197852,61249.8
2024-06-01,PROP009,162432,159614.49221401368,154175.6249103744,0.9659249781884044,19004.84530128069,14705.604888362388,20908.728043812924,7252.812902019689,8478.154700538278,70350.14583601397,83825.47907436044,151061.76
2024-06-01,PROP010,193392,189328.49073962605,177321.3251248262,0.9365802496608252,15336.727517151116,9663.908093433636,29671.343683977782,3910.571700787073,13204.754527154033,71787.30552250364,105534.01960232256,179854.56
2024-06-01,PROP011,71511,64844.406567918275,61395.18838957888,0.9468077763233645,7512.879163656655,6119.634186330315,11629.539574623193,1336.3226853162828,2965.3073006105737,29563.68291053702,31831.505479041858,66505.23000000001
2024-06-01,PROP012,71400,69867.60797151663,68428.40743759014,0.9794010332440004,8264.730386845178,6712.852909854578,12226.649908362277,3326.76248054761,2313.4148740891883,32844.41055969883,35583.99687789131,66402.0
2024-06-01,PROP013,280457,258327.66437151367,255522.0726655038,0.9891394066801339,29483.467843350245,15993.247212966988,42928.85750439488,7214.718805142153,15264.227138352582,110884.51850420685,144637.55416129695,260825.01
2024-06-01,PROP014,179784,162050.17895264318,158044.22352851662,0.9752795371778192,20384.70607011309,9558.58381591927,24652.83861323258,6875.907433970205,10668.815154421227,72140.85108765638,85903.37244086024,167199.12
2024-06-01,PROP015,351789,335356.6013200358,312158.67564355495,0.9308260950129837,38285.09006667532,24787.357170699812,58326.63655191081,6726.622708636093,19969.99649270775,148095.70299062977,164062.97265292518,327163.77
2024-06-01,PROP016,205382,202021.03369541967,197134.54692957122,0.9758119900860638,20678.06828871562,16619.32022626697,26023.59799325917,6112.709838863856,13407.925335191732,82841.62168229735,114292.92524727387,191005.26
2024-06-01,PROP017,229881,207034.24067429072,198809.33353144032,0.9602727205120145,26741.495351011294,19192.233684279596,36751.30873294223,7183.3828289465255,10861.643468767781,100730.06406594743,98079.2694654929,213789.33000000002
2024-06-01,PROP018,324610,298243.84270604304,289788.1123824706,0.9716482652354146,24877.324599018277,21810.438315943025,39129.85840203885,13485.735543690438,18967.214819633136,118270.57168032373,171517.54070214683,301887.3
2024-06-01,PROP019,44037,41739.804797326666,39940.85349023827,0.9569008212706444,3653.0557847723767,2505.937216862699,7263.26824076112,1456.8752005027466,2518.65482104893,17397.79126394787,22543.062226290396,40954.41
2024-06-01,PROP020,103734,97296.84706235174,92353.59528692377,0.9491941216526766,10010.714049804827,7768.422285616478,16448.827898695054,3333.419579234007,5789.912001707577,43351.295815057936,49002.29947186583,96472.62000000001
2024-06-01,PROP021,243900,216065.0632689794,213464.15589955947,0.9879623881340683,29793.899607425323,21332.353433270797,36890.146805486766,9864.639344579069,11470.264987482231,109351.30417824417,104112.8517213153,226827.0
2024-06-01,PROP022,157389,152226.71955800976,148766.0951445682,0.9772666426532116,14118.226439479811,8039.282702567596,26924.89237395656,3061.788613342433,10514.782516229741,62658.97264557614,86107.12249899204,146371.77000000002
2024-06-01,PROP023,249813,219645.9636731245,207449.4703484103,0.9444720352664212,27600.883525748963,20782.473660268577,31431.74174216115,8952.164779662638,7773.64920439227,96540.91291223359,110908.55743617672,232326.09000000003
2024-06-01,PROP024,51198,50806.64966036317,47628.93882091187,0.9374548241087742,4213.641604718345,3058.8709529889697,6708.448267366786,1115.572460176566,2999.6396035314174,18096.172888782083,29532.765932129787,47614.14
2024-06-01,PROP025,129064,125668.0200896447,116122.84824929966,0.9240445434444177,10671.716886124786,11747.629947727784,18520.197399541972,4258.706729510577,8518.182524684587,53716.433487589704,62406.41476170995,120029.52
2024-07-01,PROP001,129640,114073.13936510152,107929.92710062518,0.9461467239468668,16049.070380680854,7473.19615030079,14232.383369236913,3804.4832979026537,7004.516507623198,48563.649705744414,59366.277394880766,120565.20000000001
2024-07-01,PROP002,200914,181157.21635037492,170518.49968326621,0.9412735695467276,24612.557637744943,17853.110620496944,30872.848890545923,8564.06401769779,10567.657225894107,92470.2383923797,78048.26129088651,186850.02000000002
2024-07-01,PROP003,198616,183321.2505054956,173235.65648938224,0.9449840431030061,24114.84914513252,15048.40218998753,30346.131282893795,8176.3576089892185,12267.71973299698,89953.45996000004,83282.1965293822,184712.88
2024-07-01,PROP004,132385,117200.30900373794,110961.5226333733,0.9467681747309585,12605.70379400616,11713.71678332148,16172.250540028603,5228.729831514456,3765.2787876257607,49485.67973649646,61475.84289687684,123118.05
2024-07-01,PROP005,124180,110573.83142759818,105882.00877691763,0.9575684174989209,13712.536133615466,10006.96051213573,18323.787025595837,4735.904163469643,5229.230807673822,52008.41864249049,53873.59013442714,115487.40000000001
2024-07-01,PROP006,78280,76616.0530740882,73497.88936776976,0.9593014312117704,8097.423937002573,4000.8481573231593,10890.830547858497,2679.0631168607633,2946.5293119909006,28614.695071035898,44883.19429673387,72800.40000000001
2024-07-01,PROP007,158516,143376.0930599929,139513.38091818205,0.9730588826953557,15492.659465023753,9545.303529486035,25593.86019203641,5932.731954603082,6473.77444489288,63038.329586042164,76475.05133213989,147419.88
2024-07-01,PROP008,89799,80324.85822516037,77112.41283082245,0.9600068339326159,9375.340865011092,6605.52234223567,12230.068473454361,3184.3754343150417,5325.75839036387,36721.06550538004,40391.34732544241,83513.07
2024-07-01,PROP009,288252,282918.9837054791,266750.60342278815,0.9428515539292253,35327.9769691306,14175.39415320445,50383.45657112142,7628.167067193067,18866.155573766406,126381.15033441593,140369.45308837222,268074.36
2024-07-01,PROP010,190864,186048.41449928907,175461.2415593168,0.9430945274730481,23218.124997960018,14204.009889163312,28380.707681354794,8157.599693891088,7030.424890439448,80990.86715280866,94470.37440650816,177503.52000000002
2024-07-01,PROP011,87846,79864.79019957724,77233.97658708828,0.9670591557817316,8417.059436279327,7819.998319906886,13865.42568020257,2637.027363845605,4227.494097100535,36967.004897334926,40266.97168975336,81696.78
2024-07-01,PROP012,63476,61660.45337224222,58456.82269027888,0.9480439972988339,5227.985039166659,4926.982895321348,10960.817803958998,1318.127563565168,3476.73705591566,25910.650357927832,32546.17233235105,59032.68
2024-07-01,PROP013,206119,189159.17218561645,182724.19111680202,0.9659811311581551,21896.06573693876,11643.99418036384,27271.94363206964,5900.9156739476775,13145.504723125487,79858.4239464454,102865.76717035662,191690.67
2024-07-01,PROP014,146592,132200.2543271614,125038.31132243796,0.9458250436720077,18046.487761302218,11904.357367751561,22183.652394732733,4892.873844748532,5689.268017176421,62716.63938571147,62321.671936726496,136330.56
2024-07-01,PROP015,226033,214417.91928275727,207469.0521099968,0.9675919475573453,21595.029291019735,13576.0025936324,33116.71897944552,10587.514711781596,10318.93825844938,89194.20383432863,118274.84827566816,210210.69
2024-07-01,PROP016,194464,190246.92083608615,186276.2095902506,0.9791286438256908,18593.473551056282,12178.561047570149,32933.63151684597,4263.004222703488,10314.789335596273,78283.45967377216,107992.74991647844,180851.52000000002
2024-07-01,PROP017,302364,271846.90063348727,264421.61460631585,0.9726857800847896,30076.75579087899,21994.705246468326,34050.01201323252,9476.324595694587,18277.163308971238,113874.96095524567,150546.6536510702,281198.52
2024-07-01,PROP018,310960,287358.9770815157,274684.5423766192,0.9558933747829248,34081.54523830072,20320.78414377998,37029.26004999289,8362.07129226986,11459.70264476565,111253.3633691091,163431.17900751007,289192.8
2024-07-01,PROP019,64449,61023.783254208356,58711.86680573255,0.9621145015076336,4906.856018113765,3342.8077066731826,8081.833548823896,1857.659684758156,3151.3931996837596,21340.55015805276,37371.31664767979,59937.57
2024-07-01,PROP020,103626,97373.63218521542,96023.71813431513,0.9861367598126297,8335.28248425649,8592.651978980888,14333.271311029,3083.740089641191,5606.428296765952,39951.37416067352,56072.34397364161,96372.18000000001
2024-07-01,PROP021,229900,203554.80490174034,197489.76401700714,0.9702043835926107,22429.009707564222,10380.604664553188,32317.953052653407,7930.032812598035,7005.7671868943735,80063.36742426323,117426.39659274391,213807.0
2024-07-01,PROP022,120198,116649.04359861785,113325.48007416412,0.9715080087935405,11991.0892387933,6967.098976450733,15611.97976293616,5451.62949080907,4454.6888925067915,44476.486361496056,68848.99371266807,111784.14
2024-07-01,PROP023,253995,223859.775268218,217848.884962532,0.9731488593764375,23635.51603772802,11999.297255693871,31557.283876672296,9042.532671741783,13008.46086747193,89243.0907093079,128605.7942532241,236215.35
2024-07-01,PROP024,34125,33692.43276077741,32495.82078336617,0.9644842512291288,3665.89740714425,1766.4965083789784,5310.035063122251,1616.93032730808,2301.2721710405845,14660.631476994144,17835.189306372027,31736.25
2024-07-01,PROP025,152132,148085.96216381717,146094.57210384644,0.9865524724229581,15646.427171098992,14661.244043172816,22588.73715426001,4038.9079789663224,5577.89107146548,62513.20741896362,83581.36468488282,141482.76
2024-08-01,PROP001,107940,94200.34163207878,89650.96448162169,0.9517053009401417,7680.610732948488,6806.18796810422,16890.52457615984,3777.7355052520297,5688.894736337968,40843.95351880255,48807.01096281914,100384.20000000001
2024-08-01,PROP002,283083,255355.79243700884,237822.30401690587,0.9313370248907585,33728.15599822046,16863.51519600833,43161.82828910241,10448.221362904904,17120.832232546174,121322.55307878228,116499.75093812359,263267.19
2024-08-01,PROP003,149924,138529.8355062332,131426.26681160144,0.9487217416474003,11188.012711282014,12418.62413930045,20018.65533919793,5557.681635395006,4738.088759769484,53921.06258494488,77505.20422665655,139429.32
2024-08-01,PROP004,229578,203130.04927259748,187298.29149374756,0.9220609760321382,26962.86922291612,20030.472133596086,31935.541760744887,9282.278796327719,10293.621285497757,98504.78319908257,88793.50829466499,213507.54
2024-08-01,PROP005,125930,111971.82231500729,109284.26782700201,0.9759979391918402,12233.887740180335,10945.606165185567,15240.996541485982,3499.4812394486135,6717.029157382697,48637.0008436832,60647.26698331881,117114.90000000001
2024-08-01,PROP006,77560,75693.20683411033,72341.65400221947,0.9557218808388428,8318.852626361393,4869.872672719373,11248.894443537516,3495.9773766768253,2399.292162716798,30332.889282011907,42008.76472020756,72130.8
2024-08-01,PROP007,136436,123539.19747536328,118480.16081741237,0.9590491377527379,17026.58025314058,7312.878225850742,20395.575230391198,5290.909636580747,7277.177430862963,57303.12077682623,61177.04004058614,126885.48000000001
2024-08-01,PROP008,86284,76909.565280299,73314.64046725536,0.9532577670938351,6461.380155077329,6608.355240190978,10945.443798034084,1998.1829511329124,3983.464969392728,29996.827113828032,43317.81335342733,80244.12000000001
2024-08-01,PROP009,210384,206394.9231580823,201976.1705410136,0.9785907882352112,17400.250286135037,20351.952792822503,25964.29895755508,7296.502966147853,10816.823926506679,81829.82892916714,120146.34161184645,195657.12000000002
2024-08-01,PROP010,155551,151829.4433845963,142882.41154061348,0.941071826092919,22147.34951137075,9725.170425199389,26662.90711076434,7426.543099181636,5438.478174336601,71400.44832085272,71481.96321976076,144662.43000000002
2024-08-01,PROP011,71610,65112.56043946285,61124.137308475285,0.9387457181215332,5482.450270420432,5642.3990025361545,10225.059103612411,3202.1266619358207,3808.2122247972,28360.247263302022,32763.890045173262,66597.3
2024-08-01,PROP012,66052,64400.44229631795,62378.89608497701,0.9686097464666554,9517.132723487188,5742.430946887962,8594.190097200773,1873.3913443230826,2183.505341345534,27910.65045324454,34468.24563173247,61428.36
2024-08-01,PROP013,280457,258462.9175080343,240000.75622176356,0.928569399957745,26135.835100324104,16900.810664682263,31078.909519090765,7915.442922490266,8954.728985595475,90985.72719218288,149015.02902958068,260825.01
2024-08-01,PROP014,114552,102974.88057935072,95270.52554158583,0.925182190118414,10853.60061486059,7249.782752760298,17891.06850976997,3061.805630980737,4651.338778111649,43707.59628648325,51562.92925510258,106533.36
2024-08-01,PROP015,367881,350384.7855571934,335837.49677977903,0.9584819621825738,37255.587004686895,19754.90277611705,58147.332367822164,16761.478816502877,23827.113182383255,155746.41414751223,180091.0826322668,342129.33
2024-08-01,PROP016,149041,146542.54243643265,139028.473902998,0.9487243198561667,16630.40934994018,12140.798298338499,24822.013443093074,4577.5514681894765,9770.174334589408,67940.94689415065,71087.52700884735,138608.13
2024-08-01,PROP017,269508,243115.35083861064,232700.33400825632,0.9571601842729043,35809.7548579836,23560.295465935593,39322.62079272004,7229.473983213396,9423.49168269735,115345.63678254996,117354.69722570636,250642.44
2024-08-01,PROP018,232830,214389.51244984576,207873.316516784,0.969605808331757,24706.579414061962,16854.09960678008,31803.29716516519,7393.9497619929825,11330.688281367828,92088.61422936805,115784.70228741594,216531.90000000002
2024-08-01,PROP019,59778,56398.527714603195,52935.48231363704,0.9385968829099509,8437.548456219753,3484.1506661472913,7577.209139917586,2289.987154273387,3630.615694192562,25419.511110750584,27515.971202886456,55593.54
2024-08-01,PROP020,79974,75063.05840367079,69528.57087635247,0.9262688245720659,7225.63684874687,4586.701277825484,12348.696177413385,1640.5590973007368,2404.8209632868825,28206.41436457336,41322.15651177912,74375.82
2024-08-01,PROP021,271600,241138.4654971222,233205.6288109073,0.9671025662792502,23290.482046730176,20508.740813902623,33963.46108576868,8120.591297845315,12613.90625710874,98497.18150135553,134708.44730955176,252588.0
2024-08-01,PROP022,115299,111439.64403723461,108955.56280213506,0.9777091783040014,11742.39996603578,9823.50484859543,19025.561127036985,4973.314588231005,6242.20875850268,51806.989288401885,57148.57351373317,107228.07
2024-08-01,PROP023,296430,260369.54157657223,247785.8509222841,0.9516698820526694,23700.635553936452,19960.20247532704,33818.50231615166,8562.187376336746,12067.737934588884,98109.26565634078,149676.58526594331,275679.9
2024-08-01,PROP024,44100,43671.00272591791,40765.43215806103,0.9334668226856975,6006.116450597732,2895.6764234025422,6403.8860394279445,1885.287199980857,2402.590609483828,19593.556722892903,21171.875435168124,41013.0
2024-08-01,PROP025,137824,134754.09620221035,124723.70885101816,0.9255652508244298,14799.110863499362,10336.447575441105,17173.72974500944,5964.070604111421,4844.050854133558,53117.40964219489,71606.29920882327,128176.32
2024-09-01,PROP001,163100,138898.10015048127,128456.27609928753,0.9248238525949517,16212.396840905587,11091.301141345673,22794.65208377376,4192.478678579114,7447.8911394703,61738.71988407443,66717.55621521309,151683.0
2024-09-01,PROP002,322834,283299.2971282079,279404.8094683152,0.9862530980508213,29462.88821650609,18417.979221155245,45642.55223173062,12512.054784494017,12787.810312029455,118823.28476591542,160581.5247023998,300235.62
2024-09-01,PROP003,199800,178966.19098268467,166326.88027610947,0.9293759863962346,16628.50502342323,15804.061158888751,27906.93550805428,6271.350263502265,9828.877511582195,76439.72946545071,89887.15081065876,185814.0
2024-09-01,PROP004,193390,166393.1173803905,161934.0429613308,0.9732015693361532,24719.324530211183,11906.366736367416,20638.303103116257,5628.529912079088,5300.843148287045,68193.367430061,93740.6755312698,179852.7
2024-09-01,PROP005,190190,164311.97222322764,157917.2107687352,0.9610815854257732,16706.19015060927,13846.530841552401,27821.168345341463,5358.7351668846295,10845.49684869399,74578.12135308175,83339.08941565346,176876.7
2024-09-01,PROP006,86600,82480.32840931839,81492.70146210825,0.9880259091318244,7533.033305411457,4382.494379839775,10861.89679659196,3468.2005280976314,3116.5267676051058,29362.151777545925,52130.54968456233,80538.0
2024-09-01,PROP007,223468,196187.31826220563,185020.4483490046,0.9430805721179367,23833.095237500285,11172.212798181807,29060.584802766323,9802.261092508448,7132.108604807887,81000.26253576475,104020.18581323986,207825.24000000002
2024-09-01,PROP008,77811,67558.15823067748,66051.46473724593,0.9776978305375505,10002.324844050967,3984.5084277436413,8972.473945434189,1385.3486365900249,3985.125536800777,28329.7813906196,37721.683346626334,72364.23000000001
2024-09-01,PROP009,257364,244961.69569424007,231706.89062275062,0.9458902950768514,29324.089541566533,21969.33068956982,30289.174569380877,9349.876844159213,15545.48461655304,106477.95626122947,125228.93436152115,239348.52000000002
2024-09-01,PROP010,147098,140355.42563113567,131713.3288601098,0.9384270559391273,14876.7396606085,12995.959221249263,23516.962030794137,4671.397499418838,8278.584394235713,64339.64280630645,67373.68605380334,136801.14
2024-09-01,PROP011,77682,68252.76944891446,64420.98593172417,0.9438589298554648,8928.226950995766,5745.1739828618065,10725.626947678387,2630.3706602017533,3912.1995818695705,31941.598123607284,32479.387808116888,72244.26000000001
2024-09-01,PROP012,62356,58871.94298889285,54242.45202185752,0.921363373926545,6185.643411625942,3706.3126590738293,9495.526738999019,1720.3681497211533,2649.6110701947796,23757.462029614726,30484.989992242794,57991.08
2024-09-01,PROP013,266396,237424.66017386207,224679.48285932915,0.9463190668349284,32547.35500446909,16985.187682357133,38014.95304705722,6944.134655599077,9111.90616373585,103603.53655321836,121075.94630611078,247748.28
2024-09-01,PROP014,137880,120673.1266295732,118562.03345114291,0.9825056892334392,16022.60741779671,11649.521011597837,19484.861840039903,4855.201371960379,3636.916241996118,55649.10788339095,62912.92556775196,128228.40000000001
2024-09-01,PROP015,366391,338723.149217312,313080.4875243451,0.9242961050869436,34471.72927726215,19249.449228621183,51334.208543422545,12048.191921690835,17952.965963174825,135056.54493417154,178023.94259017357,340743.63
2024-09-01,PROP016,174585,166258.98525338268,153044.40417670223,0.9205180937647304,19136.294420678543,9653.123861624508,29582.124631358696,4341.172089404153,6264.873149357176,68977.58815242306,84066.81602427916,162364.05000000002
2024-09-01,PROP017,280941,245679.90640492435,226440.17667531798,0.92168781724503,28234.042042117882,18494.91409060479,30266.437115545155,6682.952460347131,15547.670927715528,99226.01663633049,127214.1600389875,261275.13
2024-09-01,PROP018,238290,213605.5962021659,203015.60809937902,0.9504227029110041,27536.83434792152,18315.41899776775,35398.240081862845,9593.982089605244,8392.569397789639,99237.044914947,103778.56318443203,221609.7
2024-09-01,PROP019,50679,46666.144772717926,43887.672081101555,0.9404606336103272,3882.497325815112,4156.522177945079,5709.930452846202,1364.9396138554353,2470.1274659928463,17584.017036454676,26303.65504464688,47131.47
2024-09-01,PROP020,122850,111856.30993882069,104905.81398933362,0.9378622810524626,11503.48901254236,5993.552460931973,15386.396149905382,2386.045003823651,6605.450662468083,41874.93328967145,63030.88069966217,114250.5
2024-09-01,PROP021,264700,227297.39684679874,209695.39652832414,0.9225596044536376,30263.498052743373,17642.480969764194,37962.20189476932,9302.125579346512,15069.875137802619,110240.18163442602,99455.21489389813,246171.0
2024-09-01,PROP022,121992,114710.41146912873,111567.82786572393,0.972604199015967,16888.838033116783,8208.017033956039,16280.09857860951,3828.8907421654985,5404.121716628369,50609.966104476196,60957.86176124773,113452.56000000001
2024-09-01,PROP023,208731,178557.09475564145,166598.5600482986,0.9330268297448033,22479.158258592186,13004.321462228638,28071.36974736321,4854.636127211449,8459.28445176627,76868.77004716176,89729.79000113683,194119.83000000002
2024-09-01,PROP024,50064,48133.27831592299,47038.66304412015,0.9772586594950311,5334.98966635399,3649.1610144159413,6617.9954545475075,2174.0572018011812,2449.5708448298983,20225.774181948516,26812.888862171632,46559.520000000004
2024-09-01,PROP025,129064,121870.25196944397,117731.22383185322,0.9660374203654841,12097.498656704256,11091.864342614126,16878.31854790718,6050.545044048513,6606.073458291841,52724.30004956592,65006.9237822873,120029.52
2024-10-01,PROP001,172130,145969.78661835808,143579.78992010915,0.9836267713092051,20772.20524392411,10694.460967759394,18694.883513797125,2977.9250348027517,6939.211446119582,60078.686206402956,83501.1037137062,160080.9
2024-10-01,PROP002,185801,162985.70821660664,152952.47728338282,0.9384410385241279,20036.796663558725,10957.270256194366,22580.570456579208,4273.7035746305355,7556.194245781142,65404.53519674398,87547.94208663884,172794.93000000002
2024-10-01,PROP003,201502,179343.332988335,170950.2004399583,0.953200755174308,15097.234798154575,9960.584446768109,30274.459204688854,7588.1819348518775,11663.64041331293,74584.10079777634,96366.09964218197,187396.86000000002
2024-10-01,PROP004,229163,195939.15858330613,190693.70508329206,0.9732291720657569,24660.3745504556,12072.725039853554,34962.259380778225,7271.428472418901,12985.891054981063,91952.67849848735,98741.02658480471,213121.59000000003
2024-10-01,PROP005,192570,166856.45712834326,159767.89097960788,0.957516980339077,18386.877601197397,14258.53141655567,25909.891186647117,7265.865539184582,5084.131329841189,70905.29707342596,88862.59390618192,179090.1
2024-10-01,PROP006,57240,54288.485801155766,53292.5118253697,0.9816540476108682,5169.808904059342,3211.8584604653224,9030.162013877756,1501.217398839733,2045.5559813751352,20958.60275861729,32333.90906675241,53233.200000000004
2024-10-01,PROP007,202124,177769.63183517396,167559.17969459752,0.9425635749190083,23186.987670518454,15104.817901315402,24803.886249320065,5885.849987538077,6811.47940934153,75793.02121803352,91766.158476564,187975.32
2024-10-01,PROP008,53095,45823.22179771988,43428.298229069966,0.9477355918092804,4091.9141469243823,2582.7468330388497,6384.972931963491,1943.8096522199107,1421.4442879858902,16424.88785213252,27003.410376937445,49378.350000000006
2024-10-01,PROP009,206712,197753.4032518922,184182.38435485138,0.9313740311222131,29060.544361021213,16861.262034405794,26497.76181227277,5185.849169356967,12719.740515333211,90325.15789238995,93857.22646246143,192242.16
2024-10-01,PROP010,157684,149713.00644402576,148194.46294102338,0.98985697008516,17552.027587242952,10294.57628059254,21431.663719341585,3869.8992974601847,7558.848349337652,60707.01523397492,87487.44770704846,146646.12
2024-10-01,PROP011,73095,64364.59336145903,59938.74271000581,0.9312378060621233,6551.460894321458,4855.289444891677,7949.027044378355,1584.1620236759466,4370.76078622367,25310.700193491106,34628.0425165147,67978.35
2024-10-01,PROP012,49616,46872.98824221549,45905.75544506416,0.9793648147168863,4998.079207960824,3015.4896988079545,7891.219142245287,982.3458189848801,2519.813609253848,19406.947477252794,26498.807967811368,46142.880000000005
2024-10-01,PROP013,304764,271950.3506882665,264132.9524211394,0.9712543181233545,23430.590804716103,23479.92883873468,34864.388271625976,8208.86953006481,18413.706612615828,108397.4840577574,155735.46836338198,283430.52
2024-10-01,PROP014,147960,129720.03743497616,120053.65294470674,0.9254827189275612,16927.55549802568,9080.086978359728,21674.473504823505,5121.956427843262,6908.971354939906,59713.043763992086,60340.60918071466,137602.80000000002
2024-10-01,PROP015,399469,369350.41869154613,346494.32103381306,0.9381181217048497,48906.453352673525,21495.494796327755,63084.28444467421,8848.571624857534,11601.214641570989,153936.01886010403,192558.30217370903,371506.17000000004
2024-10-01,PROP016,205176,195822.24243831792,188256.49044427136,0.96136418468178,27920.01558857547,10929.506627171777,28841.022952558687,6434.774397108421,8510.02411106668,82635.34367648105,105621.14676779031,190813.68000000002
2024-10-01,PROP017,239316,208963.08299519206,195171.67441370068,0.9340007412610355,23446.71100113296,13219.943686851178,30736.73362985002,9000.648647581755,12638.170347263562,89042.20731267947,106129.4671010212,222563.88
2024-10-01,PROP018,219960,196478.07569199285,193528.1595732992,0.9849860290604735,19346.191554661775,12184.69937634213,30813.339116061736,7591.698885321566,6260.106167413997,76196.0350998012,117332.124473498,204562.80000000002
2024-10-01,PROP019,51543,47327.42836893502,45812.59477633114,0.9679924803689907,4847.7705028549835,3689.4284215530356,6472.111088365604,1182.4169763655393,2280.050844111624,18471.777833250788,27340.816943080354,47934.990000000005
2024-10-01,PROP020,112590,102791.48371543713,99956.66826865253,0.9724216895766155,10014.853852172684,7527.656778757176,18291.08639489227,2975.1418758695986,4001.274662283272,42810.01356397501,57146.65470467752,104708.70000000001
2024-10-01,PROP021,249500,214710.97210549624,211299.47664438924,0.9841112197124664,23060.997965942992,19552.294705660155,28307.04033538092,4604.4953250909475,13154.722217406332,88679.55054948136,122619.92609490789,232035.0
2024-10-01,PROP022,99498,93618.39541381285,90040.74591795061,0.9617847595010758,8534.237430410565,7651.276047568507,13650.485798165666,1924.584669148095,4829.827269938709,36590.411215231536,53450.334702719076,92533.14
2024-10-01,PROP023,316971,271675.0298912229,256592.11346569288,0.9444817713590788,40096.28545619054,14890.586381655778,44540.30801427155,6365.318739349133,11123.153513657406,117015.65210512442,139576.46136056847,294783.03
2024-10-01,PROP024,46599,44661.678733513945,42941.96197248265,0.9614945785783724,5996.491014743886,3607.1259562086107,6950.111201133741,2115.6501885494367,2147.6206920481936,20816.999052683866,22124.96291979878,43337.07
2024-10-01,PROP025,189946,180055.94040237096,165810.28838796148,0.920882077077964,18163.044622381163,17970.007083096352,26228.799715330304,8400.474998496977,7764.000254726011,78526.3266740308,87283.96171393068,176649.78
2024-11-01,PROP001,102970,85376.50738281307,82044.04977308334,0.9609675107136021,8281.566084662532,4978.557834532477,13281.702509764902,3657.4695961731272,3695.6242885547344,33894.92031368777,48149.129459395575,95762.1
2024-11-01,PROP002,308991,263966.30033544346,253285.45957265235,0.959537104739438,35988.3397720157,16349.762034854482,45660.506322218294,12826.774362883645,8330.461112883973,119155.8436048561,134129.61596779624,287361.63
2024-11-01,PROP003,181300,157777.72281350582,146160.10419883282,0.9263671803122352,21201.190370449058,9382.543743415526,25803.24634959019,5244.260459364508,10011.028127205449,71642.26905002474,74517.83514880808,168609.0
2024-11-01,PROP004,219120,183494.75324855378,174835.32476520762,0.9528083047060398,22841.22152062561,17734.287214546075,28579.86936660454,8388.183415198884,11837.466074747073,89381.02759172219,85454.29717348544,203781.6
2024-11-01,PROP005,114730,95863.0244264709,90525.64682347729,0.9443228749048336,11960.845963041285,6930.30874728317,11971.993002380234,3003.7981792283394,6687.681198853991,40554.62709078702,49971.01973269027,106698.90000000001
2024-11-01,PROP006,103760,95400.28253783892,92420.61535091966,0.9687666838330649,13249.497412227622,7864.445850950244,14709.28243824538,3933.03238947686,4500.38521389342,44256.64330479353,48163.97204612613,96496.8
2024-11-01,PROP007,212520,180595.40258019918,176358.83662500288,0.9765411195707769,18922.459141633164,10473.895844986593,28696.730208956098,7415.077126646464,9055.832602074883,74563.9949242972,101794.84170070567,197643.6
2024-11-01,PROP008,85803,71980.09867677053,70214.9743244795,0.9754776058280026,6509.653575090046,7131.964082897045,11820.145850250492,2459.5347436855545,3919.6620402703506,31840.960292193493,38374.014032286,79796.79000000001
2024-11-01,PROP009,159300,146958.00556393692,145017.8721764345,0.9867980422022105,18127.875288308245,12698.450964090569,23801.981673057937,5677.5882033996,4522.516088415762,64828.41221727212,80189.45995916237,148149.0
2024-11-01,PROP010,177908,164435.1115497717,154152.76490738837,0.9374686674550584,23381.00054958929,12934.816654457098,25714.818018021422,4122.296339931896,10574.977223998356,76727.90878599806,77424.8561213903,165454.44
2024-11-01,PROP011,70125,59876.27992075117,57537.185872262955,0.9609345461744766,5613.494969071922,5402.158690390695,8284.191485364996,1763.1779516342922,3879.865447032984,24942.88854349489,32594.297328768065,65216.25
2024-11-01,PROP012,65100,59869.306108346966,57882.605564907564,0.966816041932338,7656.590901794839,3852.3638826217434,7283.0771342305925,1556.3276240401708,2753.455358327697,23101.814901015045,34780.79066389252,60543.0
2024-11-01,PROP013,206991,179553.3576218362,167627.80002008218,0.9335820963767724,19283.554164964335,17612.26867683381,29779.752268549873,5313.424123470034,12221.14895669215,84210.1481905102,83417.65182957199,192501.63
2024-11-01,PROP014,168624,142670.4743673439,136724.2339162887,0.9583218568703642,16626.886911552032,12310.377644666056,19358.403473726827,6854.343212795577,6623.236410583394,61773.24765332388,74950.98626296483,156820.32
2024-11-01,PROP015,345233,309404.08121720725,296087.92193154746,0.9569619145511155,41250.24194245798,21020.88012768404,50435.30388657052,11554.000851345869,21186.07818294095,145446.50499099935,150641.4169405481,321066.69
2024-11-01,PROP016,155015,143780.78878709086,136353.79866934192,0.94834504539583,14212.638067036563,8616.12813037665,21604.578935226717,5762.411412147987,9479.300794203189,59675.05733899111,76678.74133035081,144163.95
2024-11-01,PROP017,307470,259942.42632620243,241092.8376065862,0.9274855244447021,31043.970406472756,17287.091552719372,37897.29713101122,9957.222096722538,17248.23408325179,113433.81527017769,127659.02233640851,285947.10000000003
2024-11-01,PROP018,290290,251810.69823349177,249076.3032039424,0.9891410688714508,30594.205265497305,14611.994931717887,33088.06618015767,10445.94656120298,8061.949097318906,96802.16203589475,152274.14116804764,269969.7
2024-11-01,PROP019,54378,48492.840864661564,44696.53167042196,0.9217140277503084,4436.16081950682,4705.821010420271,7501.114847747256,2141.8206364207663,2398.456712406841,21183.374026501955,23513.157643920003,50571.54
2024-11-01,PROP020,111564,98364.22455906596,93025.77885861778,0.9457277712056528,8348.101195838923,7792.107150643161,15389.282363437605,2150.690274698716,4533.84838231717,38214.029366935574,54811.7494916822,103754.52
2024-11-01,PROP021,216000,179421.8868390985,165661.40138665657,0.92330653915828,15020.290155483008,15812.018565111825,24765.073279883432,5793.3254914579675,9431.221881745894,70821.92937368213,94839.47201297444,200880.0
2024-11-01,PROP022,155181,141344.67301385332,136162.6986643464,0.9633380286712395,16309.989118032181,9223.246192958637,23131.34964933539,5164.11961372864,6939.240547921728,60767.94512197657,75394.75354236981,144318.33000000002
2024-11-01,PROP023,181794,150351.8376246332,143416.63543114645,0.9538735122692609,15539.989526675305,8230.37721430063,23088.989639057352,3515.793841472612,5449.472814638431,55824.62303614433,87592.01239500212,169068.42
2024-11-01,PROP024,52794,48947.79927983399,46117.116883606606,0.9421693633242956,5918.304513489112,3113.6476867671277,8415.622850121807,1395.0223493200383,2186.7628088391502,21029.360208537233,25087.756675069373,49098.420000000006
2024-11-01,PROP025,136802,125029.38763326491,118852.43709408808,0.9505960106171598,12542.6937113741,8643.241023189208,17627.610526892924,4924.359390080634,4331.110565772101,48069.01521730897,70783.42187677912,127225.86
2024-12-01,PROP001,176190,145586.79345984294,143473.06783326794,0.9854813367590376,17080.180085466898,12738.324822592633,22451.05328567372,5510.440225419072,4958.691018594388,62738.6894377467,80734.37839552123,163856.7
2024-12-01,PROP002,329184,280112.925308104,275147.49975757545,0.982273486505248,36185.088503241124,14844.75500778356,44880.97765770599,7627.3538595094,11935.625674888815,115473.80070312889,159673.69905444657,306141.12
2024-12-01,PROP003,124616,108298.32305541937,105515.37079671476,0.9743029053434143,13580.842399259744,8727.951672751582,17336.217575098413,2935.2276267908514,5175.119468758412,47755.35874265901,57760.012054055755,115892.88
2024-12-01,PROP004,168241,140751.86652565212,136919.12255876756,0.9727694981140016,11706.449245189935,13593.543916117413,17807.91965063375,3028.1877896313017,9229.185210882939,55365.285812455346,81553.83674631221,156464.13
2024-12-01,PROP005,145320,121896.2752326147,116033.10786269476,0.9519003566045701,17845.94526277977,7187.6276722696675,19564.389391588793,4546.249578698432,4499.099077321734,53643.31098265839,62389.79688003637,135147.6
2024-12-01,PROP006,81720,75394.06524278861,71612.0951978758,0.9498372977669545,7254.473272656914,4797.2175735128185,10043.953239106451,2732.0968786504477,4881.128881568627,29708.869845495257,41903.22535238054,75999.6
2024-12-01,PROP007,195684,166488.60261794436,159394.16176172232,0.957387828688176,23160.750407396845,14395.60973924361,28286.95759122439,4386.175140664099,9258.226106707725,79487.71898523666,79906.44277648567,181986.12
2024-12-01,PROP008,66082,55232.20393368895,53093.49856535189,0.9612779281647938,5760.343735769991,3303.4180929117692,8929.043319773242,1549.5827873059457,3673.69528003126,23216.08321579221,29877.41534955968,61456.26
2024-12-01,PROP009,178848,164780.4726353996,152115.25281086375,0.923138830578794,21416.4062205897,15898.73228375852,26864.207172884886,6155.113755607228,6459.584551351566,76794.04398419189,75321.20882667186,166328.64
2024-12-01,PROP010,113365,104154.28775529236,98197.53941035057,0.9428084193812836,9098.081650127786,7448.851659904186,17409.265062149687,3490.528207559314,4216.115283448472,41662.841863189446,56534.69754716112,105429.45000000001
2024-12-01,PROP011,50226,42938.958950705484,41846.59795578643,0.974560142546234,5366.749757946262,4161.712207537465,7683.407408154939,2078.5274358247757,2703.744616821544,21994.141426284983,19852.456529501444,46710.18
2024-12-01,PROP012,58268,53480.44176809392,52498.95871562416,0.9816478132935823,6406.795532581426,2743.204671035137,7115.974883475383,1773.0945270792856,2861.377383053381,20900.446997224615,31598.511718399546,54189.240000000005
2024-12-01,PROP013,245686,212797.90827197442,209416.68213557138,0.984110623248789,31005.621794842555,11779.986408324998,27302.706357023522,6541.758256526279,9969.453318544782,86599.52613526215,122817.15600030923,228487.98
2024-12-01,PROP014,176328,149740.7500998305,145865.63655345814,0.974121182485136,13402.357072896819,13496.43101251907,23449.655846495345,7401.166249617951,8392.47596526865,66142.08614679782,79723.55040666032,163985.04
2024-12-01,PROP015,247042,221581.2561829188,206882.57949676583,0.9336646206481519,29652.078347613235,11957.257770338743,35318.241068324125,4801.042572231399,7668.712974707123,89397.33273321463,117485.2467635512,229749.06
2024-12-01,PROP016,281602,260761.06061161507,240858.18179126957,0.9236738845375789,26722.72156998262,26002.473107802336,36739.544258107846,11166.643233730214,9202.956834022909,109834.3390036459,131023.84278762367,261889.86000000002
2024-12-01,PROP017,165501,140659.86367354286,137937.23735796145,0.9806439005095273,18392.649759824522,8532.457451065671,22070.32058024878,4701.752085369812,5112.452493330748,58809.632369839535,79127.60498812192,153915.93000000002
2024-12-01,PROP018,232180,201469.59819977774,197178.2211943555,0.9786996299006517,29930.829495301736,16901.074851243335,35073.972384729284,4847.565162946757,12732.827399604277,99486.2692938254,97691.95190053008,215927.40000000002
2024-12-01,PROP019,49815,44432.25528575452,42347.57663255089,0.9530818627189512,5565.619195813278,4228.936742554346,7760.52118188955,1011.4145957228294,1980.8885603774474,20547.380276357446,21800.196356193443,46327.950000000004
2024-12-01,PROP020,150336,132495.28129452484,128417.20667927332,0.9692209822462557,10844.032726670306,9605.175228448594,22491.761081508525,5582.096836824442,6157.584602282255,54680.65047573413,73736.55620353919,139812.48
2024-12-01,PROP021,267500,222545.73020991922,213392.82691385757,0.9588718090100941,18264.526779320568,18111.236661084586,31981.16676036022,4515.848163688449,12675.220241067414,85547.99860552125,127844.82830833632,248775.0
2024-12-01,PROP022,116748,106577.05368030015,104769.05337034044,0.9830357450546233,13721.185722442566,10341.2027479361,14391.130694683241,4353.421221090301,6648.120012379857,49455.06039853206,55313.99297180837,108575.64
2024-12-01,PROP023,218448,181465.61154741736,169620.14599767074,0.9347233591602486,18017.95098924329,14215.492919960065,26640.065665277547,7631.266935599047,8192.640242250061,74697.41675233003,94922.72924534071,203156.64
2024-12-01,PROP024,41979,39009.42220125236,38357.911859858694,0.9832986415940108,4324.626129456508,3362.1238984436623,6586.57789560393,1371.3127548031762,1793.032108207762,17437.67278651504,20920.239073343655,39040.47
2024-12-01,PROP025,200385,183949.22785056054,179405.79801705465,0.9753006311219912,19553.87952153139,18353.04672121584,32509.679257065967,3750.5137688190293,12109.324458032212,86276.44372666442,93129.35429039023,186358.05000000002
2025-01-01,PROP001,106330,88229.82658071538,86506.77838622147,0.9804709103341872,8653.070290014984,8693.46677267737,13750.13087213499,1783.3536654328807,2767.3458181181204,35647.367418378344,50859.41096784313,98886.90000000001
2025-01-01,PROP002,302895,257751.3455271145,248674.0593945018,0.9647827788675586,21995.29555814833,21072.96047713468,43435.40826987816,7887.176505680256,8466.455611107194,102857.29642194862,145816.76297255317,281692.35000000003
2025-01-01,PROP003,167240,145321.5200890388,135911.5384197278,0.9352471563499646,20706.782306139747,12118.467447442166,24975.586768857112,7076.349011362985,5089.979113832711,69967.16464763472,65944.37377209307,155533.2
2025-01-01,PROP004,133547,111642.11329590286,107403.70425981031,0.9620357505696904,10043.271326690367,10121.548153491818,17444.939917838074,5467.662667455706,7723.327125840244,50800.74919131621,56602.955068494106,124198.71
2025-01-01,PROP005,124950,105010.11340756147,98361.60793470085,0.9366869984507428,11989.021939432037,6385.422567899295,15648.839854796755,5113.802996905453,6677.736074948517,45814.82343398206,52546.784500718786,116203.5
2025-01-01,PROP006,69560,64014.16527411576,61715.35724308988,0.9640890727672207,5231.283226122146,5212.618415028018,11336.684433803013,1731.8578734479472,3913.0053692454876,27425.449317646613,34289.907925443265,64690.8
2025-01-01,PROP007,228344,195134.48301868205,180066.40132336871,0.9227810407355284,17621.427471053048,19177.29908360995,28826.399455847695,8907.807280147344,9483.880509978771,84016.81380063681,96049.5875227319,212359.92
2025-01-01,PROP008,74629,62817.55459163274,57898.30274523579,0.9216898543985634,6124.1176949172495,4511.146195368021,9914.988564903038,1579.5873396572222,3805.616771545953,25935.456566391484,31962.84617884431,69404.97
2025-01-01,PROP009,164160,152039.41071922614,147646.67904166144,0.971107940653119,18800.405795711307,13129.002671776667,25467.459578928832,5052.291359027255,7724.612725381662,70173.77213082573,77472.9069108357,152668.80000000002
2025-01-01,PROP010,126874,116721.48263494809,112820.00571254171,0.9665744742584497,16971.463344018328,5956.452685268007,14084.431955165655,5031.673743409114,6519.562692526493,48563.5844203876,64256.42129215411,117992.82
2025-01-01,PROP011,46530,39754.93288838659,37788.35963611871,0.9505325978592617,3673.1051939474305,3496.144058021873,6953.544120709512,1908.1654190839408,2140.9362490121634,18171.89504077492,19616.464595343787,43272.9
2025-01-01,PROP012,59780,54927.17723531312,52787.50966120491,0.9610453753168186,7753.6722363259,3594.4864217812237,8900.507416167746,2518.412051764867,2092.979657171236,24860.057783210974,27927.451877993935,55595.4
2025-01-01,PROP013,275116,238561.06968816198,235838.30353531623,0.9885867121722549,35503.922653906004,14590.752032274882,29578.411786732595,6710.161875636239,10952.16653798622,97335.41488653595,138502.8886487803,255857.88
2025-01-01,PROP014,127656,108088.10642681077,104123.0500529678,0.9633164415131297,15452.837018926466,7189.739874785876,18482.965907268197,2464.8809151496357,3423.6894695726232,47014.1131857028,57108.936867264994,118720.08
2025-01-01,PROP015,320797,288026.985986599,270794.9777171791,0.9401722438944605,24309.583293919208,19943.42018865318,40893.618441558196,9824.388640082032,15096.109815599124,110067.12037981173,160727.85733736737,298341.21
2025-01-01,PROP016,239063,221798.34794160558,204751.90368922774,0.9231444038669495,26386.98142433054,20348.373645797,32064.967275589006,8543.409485920789,14638.900321005924,101982.63215264326,102769.27153658448,222328.59000000003
2025-01-01,PROP017,254745,215928.8991658832,203395.0448896085,0.9419537897674095,29960.725430745988,19191.926924155006,32856.291267544206,5082.206979398852,12107.231313530778,99198.38191537482,104196.6629742337,236912.85
2025-01-01,PROP018,301600,261094.43144221,249201.418072519,0.9544493794678138,30353.408155744117,24528.548393502093,45349.5499696569,8774.369019712403,12592.396871587198,121598.27241020273,127603.14566231628,280488.0
2025-01-01,PROP019,57699,51366.210614358526,47670.81434889112,0.9280578376082425,5659.675576766408,3113.1234882684917,7068.643834104809,1754.0032215493106,2024.983122580259,19620.42924326928,28050.385105621845,53660.07
2025-01-01,PROP020,135702,119785.90503477646,117188.95768388367,0.9783200924170599,14178.588109764587,11120.680566969255,18072.28574927596,5663.229270592897,4814.15753441221,53848.94123101491,63340.01645286875,126202.86
2025-01-01,PROP021,218300,182315.77243025866,174152.80690515132,0.9552262241697715,26309.691009024842,12930.559995680327,31228.764520079443,6730.573525487966,10636.615395646248,87836.20444591883,86316.60245923248,203019.0
2025-01-01,PROP022,183885,167753.68861658033,165341.04656018267,0.9856179492904503,13541.285406039504,11848.608055175413,29458.364057610466,5289.7009368403,5657.38766910395,65795.34612476964,99545.70043541303,171013.05000000002
2025-01-01,PROP023,176382,146084.0530848835,139489.92521477412,0.9548607275684103,13580.063871374025,10712.063899320276,24860.67059880758,6745.948158128429,4670.369903925823,60569.116431556125,78920.808783218,164035.26
2025-01-01,PROP024,50652,47263.1068775827,44392.833025012435,0.9392703095036763,5749.113130389359,3216.2420372319134,8065.0925793851875,1961.4263107560546,1607.8077566039071,20599.68181436642,23793.151210646014,47106.36
2025-01-01,PROP025,102930,94036.15132663256,93046.59974882592,0.9894769026183403,12850.704590206413,5348.608235981964,13038.402203760794,3643.816339580127,6149.6549652346475,41031.186334763945,52015.41341406197,95724.90000000001
