Month,CampaignName,Channel,Budget,ActualSpend,Impressions,Clicks,Leads,Conversions,CPL,ConversionRate
01/02/2024,Google Search - Luxury Apartments,Google Ads,5000,4301.719365,473189,17120,36,9,119.4922046,0.25
01/02/2024,Facebook - Young Professionals,Facebook Ads,3500,3693.044443,613045,19405,21,0,175.8592592,0
01/02/2024,Instagram - Lifestyle,Instagram Ads,2500,2298.682764,399970,18357,0,0,0,0
01/02/2024,SEO Content Marketing,Website Organic,2000,2116.139657,47397,1849,16,3,132.2587286,0.1875
01/02/2024,Email Newsletter,Email Campaign,800,806.0529319,0,0,9,1,89.56143688,0.111111111
01/02/2024,Zillow/Apartments.com,Property Portals,4000,4036.298125,0,0,14,2,288.3070089,0.142857143
01/02/2024,Referral Program,Referral,1500,1450.448372,0,0,11,3,131.8589429,0.272727273
01/03/2024,Google Search - Luxury Apartments,Google Ads,5000,5492.924024,494363,17278,56,10,98.08792901,0.178571429
01/03/2024,Facebook - Young Professionals,Facebook Ads,3500,3463.294961,408668,14590,32,1,108.2279675,0.03125
01/03/2024,Instagram - Lifestyle,Instagram Ads,2500,2600.039855,390005,18835,0,0,0,0
01/03/2024,SEO Content Marketing,Website Organic,2000,1719.590332,60778,1943,17,6,101.1523724,0.352941176
01/03/2024,Email Newsletter,Email Campaign,800,803.5324978,0,0,11,0,73.04840889,0
01/03/2024,Zillow/Apartments.com,Property Portals,4000,4266.838201,0,0,16,1,266.6773876,0.0625
01/03/2024,Referral Program,Referral,1500,1463.350123,0,0,13,4,112.5653941,0.307692308
01/04/2024,Google Search - Luxury Apartments,Google Ads,5000,4572.111515,649239,31522,51,7,89.64924539,0.137254902
01/04/2024,Facebook - Young Professionals,Facebook Ads,3500,3098.591617,405915,15187,31,1,99.95456827,0.032258065
01/04/2024,Instagram - Lifestyle,Instagram Ads,2500,2459.925189,317330,9246,0,0,0,0
01/04/2024,SEO Content Marketing,Website Organic,2000,1758.894049,59094,1366,25,8,70.35576195,0.32
01/04/2024,Email Newsletter,Email Campaign,800,686.9983168,0,0,13,1,52.84602437,0.076923077
01/04/2024,Zillow/Apartments.com,Property Portals,4000,4133.987823,0,0,16,1,258.3742389,0.0625
01/04/2024,Referral Program,Referral,1500,1506.759153,0,0,17,5,88.63289138,0.294117647
01/05/2024,Google Search - Luxury Apartments,Google Ads,5000,4642.072492,287808,10161,65,12,71.41649988,0.184615385
01/05/2024,Facebook - Young Professionals,Facebook Ads,3500,2984.584334,277566,9484,38,0,78.54169299,0
01/05/2024,Instagram - Lifestyle,Instagram Ads,2500,2342.153629,152239,4872,0,0,0,0
01/05/2024,SEO Content Marketing,Website Organic,2000,1842.418754,60215,2247,31,6,59.43286305,0.193548387
01/05/2024,Email Newsletter,Email Campaign,800,764.0115151,0,0,23,3,33.21789196,0.130434783
01/05/2024,Zillow/Apartments.com,Property Portals,4000,3776.78827,0,0,23,10,164.2081856,0.434782609
01/05/2024,Referral Program,Referral,1500,1462.462689,0,0,18,8,81.24792717,0.444444444
01/06/2024,Google Search - Luxury Apartments,Google Ads,5000,4577.697499,654610,14506,56,10,81.74459819,0.178571429
01/06/2024,Facebook - Young Professionals,Facebook Ads,3500,3737.171854,224230,8603,33,2,113.2476319,0.060606061
01/06/2024,Instagram - Lifestyle,Instagram Ads,2500,2536.478317,268866,12080,0,0,0,0
01/06/2024,SEO Content Marketing,Website Organic,2000,1898.113599,65455,2236,23,4,82.52667822,0.173913043
01/06/2024,Email Newsletter,Email Campaign,800,707.9994787,0,0,19,1,37.26313046,0.052631579
01/06/2024,Zillow/Apartments.com,Property Portals,4000,3636.63956,0,0,28,2,129.8799843,0.071428571
01/06/2024,Referral Program,Referral,1500,1361.211718,0,0,20,10,68.06058588,0.5
01/07/2024,Google Search - Luxury Apartments,Google Ads,5000,5242.792312,429908,17870,63,5,83.21892559,0.079365079
01/07/2024,Facebook - Young Professionals,Facebook Ads,3500,3133.234882,404187,19225,32,4,97.91359005,0.125
01/07/2024,Instagram - Lifestyle,Instagram Ads,2500,2744.769914,502292,19490,0,0,0,0
01/07/2024,SEO Content Marketing,Website Organic,2000,1920.623753,63407,2498,21,4,91.45827394,0.19047619
01/07/2024,Email Newsletter,Email Campaign,800,716.0446498,0,0,10,0,71.60446498,0
01/07/2024,Zillow/Apartments.com,Property Portals,4000,3825.85151,0,0,25,7,153.0340604,0.28
01/07/2024,Referral Program,Referral,1500,1338.911203,0,0,26,7,51.49658474,0.269230769
01/08/2024,Google Search - Luxury Apartments,Google Ads,5000,5074.602611,837309,26949,56,7,90.61790377,0.125
01/08/2024,Facebook - Young Professionals,Facebook Ads,3500,3233.893595,601504,16530,30,4,107.7964532,0.133333333
01/08/2024,Instagram - Lifestyle,Instagram Ads,2500,2186.629972,168370,8413,0,0,0,0
01/08/2024,SEO Content Marketing,Website Organic,2000,1851.186785,70673,1713,27,5,68.56247352,0.185185185
01/08/2024,Email Newsletter,Email Campaign,800,735.5145057,0,0,14,3,52.53675041,0.214285714
01/08/2024,Zillow/Apartments.com,Property Portals,4000,4169.922943,0,0,19,1,219.4696286,0.052631579
01/08/2024,Referral Program,Referral,1500,1506.266526,0,0,19,5,79.27718557,0.263157895
01/09/2024,Google Search - Luxury Apartments,Google Ads,5000,5371.227094,794941,28122,32,3,167.8508467,0.09375
01/09/2024,Facebook - Young Professionals,Facebook Ads,3500,3427.380151,411285,17842,23,2,149.0165283,0.086956522
01/09/2024,Instagram - Lifestyle,Instagram Ads,2500,2241.322806,407920,15860,0,0,0,0
01/09/2024,SEO Content Marketing,Website Organic,2000,1769.267463,56638,1340,13,3,136.0974972,0.230769231
01/09/2024,Email Newsletter,Email Campaign,800,787.2616009,0,0,5,1,157.4523202,0.2
01/09/2024,Zillow/Apartments.com,Property Portals,4000,3521.659301,0,0,11,2,320.1508456,0.181818182
01/09/2024,Referral Program,Referral,1500,1611.032494,0,0,11,2,146.4574994,0.181818182
01/10/2024,Google Search - Luxury Apartments,Google Ads,5000,4932.16408,818739,17685,43,10,114.7014902,0.23255814
01/10/2024,Facebook - Young Professionals,Facebook Ads,3500,3442.810753,423465,16235,20,0,172.1405377,0
01/10/2024,Instagram - Lifestyle,Instagram Ads,2500,2682.203775,295042,14546,0,0,0,0
01/10/2024,SEO Content Marketing,Website Organic,2000,1834.388333,58825,1793,10,1,183.4388333,0.1
01/10/2024,Email Newsletter,Email Campaign,800,782.9109432,0,0,9,0,86.9901048,0
01/10/2024,Zillow/Apartments.com,Property Portals,4000,4127.832102,0,0,9,0,458.6480114,0
01/10/2024,Referral Program,Referral,1500,1445.950565,0,0,6,3,240.9917608,0.5
01/11/2024,Google Search - Luxury Apartments,Google Ads,5000,5426.323166,884490,39960,32,8,169.5725989,0.25
01/11/2024,Facebook - Young Professionals,Facebook Ads,3500,3814.139821,652217,18999,22,2,173.3699918,0.090909091
01/11/2024,Instagram - Lifestyle,Instagram Ads,2500,2185.71851,380315,8909,0,0,0,0
01/11/2024,SEO Content Marketing,Website Organic,2000,1861.884208,51919,1340,12,3,155.1570173,0.25
01/11/2024,Email Newsletter,Email Campaign,800,791.0768503,0,0,7,1,113.0109786,0.142857143
01/11/2024,Zillow/Apartments.com,Property Portals,4000,4008.456264,0,0,15,4,267.2304176,0.266666667
01/11/2024,Referral Program,Referral,1500,1552.521202,0,0,8,5,194.0651503,0.625
01/12/2024,Google Search - Luxury Apartments,Google Ads,5000,4659.067152,419316,13343,44,10,105.8878898,0.227272727
01/12/2024,Facebook - Young Professionals,Facebook Ads,3500,3104.960987,257711,5930,26,4,119.4215764,0.153846154
01/12/2024,Instagram - Lifestyle,Instagram Ads,2500,2444.749313,381380,18331,0,0,0,0
01/12/2024,SEO Content Marketing,Website Organic,2000,1989.599043,54148,1234,11,2,180.8726403,0.181818182
01/12/2024,Email Newsletter,Email Campaign,800,736.2655224,0,0,11,0,66.93322931,0
01/12/2024,Zillow/Apartments.com,Property Portals,4000,3471.895443,0,0,13,1,267.0688802,0.076923077
01/12/2024,Referral Program,Referral,1500,1469.416756,0,0,10,1,146.9416756,0.1
01/01/2025,Google Search - Luxury Apartments,Google Ads,5000,5426.443857,1031024,27768,34,3,159.6012899,0.088235294
01/01/2025,Facebook - Young Professionals,Facebook Ads,3500,3196.229406,517789,16593,19,4,168.2226003,0.210526316
01/01/2025,Instagram - Lifestyle,Instagram Ads,2500,2474.008411,418107,14133,0,0,0,0
01/01/2025,SEO Content Marketing,Website Organic,2000,1801.715741,53685,1467,13,2,138.5935185,0.153846154
01/01/2025,Email Newsletter,Email Campaign,800,879.2692336,0,0,13,1,67.63609489,0.076923077
01/01/2025,Zillow/Apartments.com,Property Portals,4000,3652.333672,0,0,12,2,304.3611393,0.166666667
01/01/2025,Referral Program,Referral,1500,1461.113269,0,0,10,1,146.1113269,0.1
